<?xml version="1.0" encoding="UTF-8"?>
<beans:beans
	xmlns="http://www.springframework.org/schema/mvc"
	xmlns:xsi="http://www.w3.org/2001/XMLSchema-instance"
	xmlns:beans="http://www.springframework.org/schema/beans"
	xmlns:context="http://www.springframework.org/schema/context"
	xsi:schemaLocation="http://www.springframework.org/schema/mvc https://www.springframework.org/schema/mvc/spring-mvc.xsd
		http://www.springframework.org/schema/beans https://www.springframework.org/schema/beans/spring-beans.xsd
		http://www.springframework.org/schema/context https://www.springframework.org/schema/context/spring-context.xsd">

	<!-- DispatcherServlet Context: defines this servlet's request-processing 
		infrastructure -->

	<!-- Enables the Spring MVC @Controller programming model -->
	<annotation-driven />

	<!-- Handles HTTP GET requests for /resources/** by efficiently serving 
		up static resources in the ${webappRoot}/resources directory -->
	<resources mapping="/resources/**" location="/resources/" />

	<!-- Resolves views selected for rendering by @Controllers to .jsp resources 
		in the /WEB-INF/views directory -->
	<beans:bean
		class="org.springframework.web.servlet.view.InternalResourceViewResolver">
		<beans:property name="prefix" value="/WEB-INF/views/" />
		<beans:property name="suffix" value=".jsp" />
	</beans:bean>



	<beans:bean id="dataSource"
		class="org.springframework.jdbc.datasource.DriverManagerDataSource">
		<beans:property name="driverClassName"
			value="com.mysql.cj.jdbc.Driver" />
		<beans:property name="url"
			value="jdbc:mysql://localhost:3306/company" />
		<beans:property name="username" value="root" />
		<beans:property name="password" value="root" />
	</beans:bean>


	<beans:bean id="sessionFactory"
		class="org.springframework.orm.hibernate4.LocalSessionFactoryBean">
		<beans:property name="dataSource" ref="dataSource" />
		
		<beans:property name="packagesToScan">
			<beans:list>
				<beans:value>com.hcl.modal</beans:value>
		</beans:list>
		</beans:property>
		<beans:property name="hibernateProperties">
		
		
			<beans:props>
				<beans:prop key="hibernate.dialect">org.hibernate.dialect.MySQL5Dialect
				</beans:prop>
				<beans:prop key="hibernate.show_sql">true</beans:prop>

				<beans:prop key="hibernate.hbm2ddl.auto">update</beans:prop>
			</beans:props>

		</beans:property>
	</beans:bean>
	
	 <beans:bean class="org.springframework.orm.hibernate4.HibernateTransactionManager"
            id="hibernateTransactionManager">
            <beans:property name="sessionFactory" ref="sessionFactory"></beans:property>
        </beans:bean>


	<context:component-scan
		base-package="com.hcl" />
		
		
	<!-- <hibernate-configuration> <session-factory> <property name="hibernate.connection.driver_class">com.mysql.jdbc.Driver</property> 
		<property name="hibernate.connection.url">jdbc:mysql://localhost:3306/project</property> 
		<property name="hibernate.connection.username">root</property> <property 
		name="hibernate.connection.password">root</property> <property name="hibernate.dialect">org.hibernate.dialect.MySQLDialect</property> 
		<property name="show_sql">true</property> <property name="format_sql">true</property> 
		<property name="hbm2ddl.auto">update</property> <mapping class="com.hcl.coe.model.Pet" 
		/> </session-factory> </hibernate-configuration> -->


</beans:beans>
